Gen,BroodThreshold
0,0.8723556194482818
1,0.9099202378076221
2,0.8179320429883301
3,1.0339990006068014
4,1.0486666649158658
