Gen,BroodThreshold
0,2.325671154917697
1,0.12435433454897193
2,0.3750203716497156
3,1.4917715121364026
4,0.3398497850525394
