Gen,BroodThreshold
0,2.4561902038696433
1,0.7067690570476326
2,4.581361446905799
3,1.3919666660498917
