Gen,BroodThreshold
0,1.5148230531544336
1,1.3015902314533143
2,1.7275678587284653
3,1.7963959893590191
4,2.522463578586767
