Gen,PCdiversity
0,1.0
1,0.8666666666666667
2,0.8
3,0.8666666666666667
4,0.8666666666666667
